{"cameraMode":{"drawMode":0,"name":"Shaded","section":"Shading Mode"},"sceneLighting":false,"audioPlay":false,"sceneViewState":{"m_AlwaysRefresh":false,"showFog":true,"showSkybox":false,"showFlares":true,"showImageEffects":true,"showParticleSystems":true,"showVisualEffectGraphs":true,"m_FxEnabled":true},"in2DMode":false,"pivot":{"x":-0.06061827018857002,"y":-0.05756315588951111,"z":-0.032458968460559848},"rotation":{"x":0.040677472949028018,"y":0.7271380424499512,"z":-0.04323742911219597,"w":0.6839422583580017},"size":1.2714380025863648,"orthographic":false}