{"cameraMode":{"drawMode":0,"name":"Shaded","section":"Shading Mode"},"sceneLighting":false,"audioPlay":false,"sceneViewState":{"m_AlwaysRefresh":false,"showFog":true,"showSkybox":false,"showFlares":true,"showImageEffects":true,"showParticleSystems":true,"showVisualEffectGraphs":true,"m_FxEnabled":true},"in2DMode":false,"pivot":{"x":0.00981152057647705,"y":0.2789978086948395,"z":0.017179012298583986},"rotation":{"x":0.22255739569664002,"y":0.2846198081970215,"z":-0.06811490654945374,"w":0.929972767829895},"size":1.2241085767745972,"orthographic":false}